name,instagram,followers,url
Instagram,instagram,325848713,https://socialblade.com/instagram/user/instagram
Cristiano Ronaldo,cristiano,196456814,https://socialblade.com/instagram/user/cristiano
therock,therock,167277133,https://socialblade.com/instagram/user/therock
Selena Gomez,selenagomez,164984684,https://socialblade.com/instagram/user/selenagomez
Kylie ✨,kyliejenner,156560968,https://socialblade.com/instagram/user/kyliejenner
Kim Kardashian West,kimkardashian,156169400,https://socialblade.com/instagram/user/kimkardashian
Leo Messi,leomessi,140261379,https://socialblade.com/instagram/user/leomessi
Beyoncé,beyonce,137460333,https://socialblade.com/instagram/user/beyonce
ene10ta Érre,neymarjr,131079981,https://socialblade.com/instagram/user/neymarjr
National Geographic,natgeo,129223278,https://socialblade.com/instagram/user/natgeo
Taylor Swift,taylorswift,125121378,https://socialblade.com/instagram/user/taylorswift
Justin Bieber,justinbieber,124348192,https://socialblade.com/instagram/user/justinbieber
Kendall,kendalljenner,120911713,https://socialblade.com/instagram/user/kendalljenner
Jennifer Lopez,jlo,108703667,https://socialblade.com/instagram/user/jlo
Khloé,khloekardashian,102842662,https://socialblade.com/instagram/user/khloekardashian
Miley Cyrus,mileycyrus,102703204,https://socialblade.com/instagram/user/mileycyrus
nike,nike,98126568,https://socialblade.com/instagram/user/nike
KATY PERRY,katyperry,88321365,https://socialblade.com/instagram/user/katyperry
Kourtney Kardashian,kourtneykardash,85274678,https://socialblade.com/instagram/user/kourtneykardash
Kevin Hart,kevinhart4real,84234029,https://socialblade.com/instagram/user/kevinhart4real
Real Madrid C.F.,realmadrid,82359783,https://socialblade.com/instagram/user/realmadrid
FC Barcelona,fcbarcelona,81719791,https://socialblade.com/instagram/user/fcbarcelona
Ellen DeGeneres,theellenshow,81615339,https://socialblade.com/instagram/user/theellenshow
badgalriri,badgalriri,78057910,https://socialblade.com/instagram/user/badgalriri
Victoria's Secret,victoriassecret,68819353,https://socialblade.com/instagram/user/victoriassecret
CHRIS BROWN,chrisbrownofficial,59715881,https://socialblade.com/instagram/user/chrisbrownofficial
Cardib,iamcardib,57333662,https://socialblade.com/instagram/user/iamcardib
Justin Timberlake,justintimberlake,57170601,https://socialblade.com/instagram/user/justintimberlake
UEFA Champions League,championsleague,53250784,https://socialblade.com/instagram/user/championsleague
NASA,nasa,52700173,https://socialblade.com/instagram/user/nasa
9GAG: Go Fun The World,9gag,51455620,https://socialblade.com/instagram/user/9gag
Ronaldo de Assis Moreira,ronaldinho,50539768,https://socialblade.com/instagram/user/ronaldinho
Priyanka Chopra Jonas,priyankachopra,47995298,https://socialblade.com/instagram/user/priyankachopra
BILLIE EILISH,billieeilish,47716479,https://socialblade.com/instagram/user/billieeilish
camila,camila_cabello,45968468,https://socialblade.com/instagram/user/camila_cabello
Marvel Entertainment,marvel,44786081,https://socialblade.com/instagram/user/marvel
James Rodríguez,jamesrodriguez10,44691112,https://socialblade.com/instagram/user/jamesrodriguez10
Cara Delevingne,caradelevingne,44147652,https://socialblade.com/instagram/user/caradelevingne
Anitta,anitta,44012448,https://socialblade.com/instagram/user/anitta
Nike Football (Soccer),nikefootball,43743215,https://socialblade.com/instagram/user/nikefootball
Marcelo Vieira Jr.,marcelotwelve,43266787,https://socialblade.com/instagram/user/marcelotwelve
NBA,nba,43092606,https://socialblade.com/instagram/user/nba
Gareth Bale,garethbale11,42902589,https://socialblade.com/instagram/user/garethbale11
Alia ☀️,aliaabhatt,41539081,https://socialblade.com/instagram/user/aliaabhatt
Zac Efron,zacefron,41435516,https://socialblade.com/instagram/user/zacefron
Will Smith,willsmith,41072818,https://socialblade.com/instagram/user/willsmith
HUDA KATTAN,hudabeauty,40603663,https://socialblade.com/instagram/user/hudabeauty
Chris Hemsworth,chrishemsworth,38973918,https://socialblade.com/instagram/user/chrishemsworth
Lady Gaga,ladygaga,38972463,https://socialblade.com/instagram/user/ladygaga
Paul Labile Pogba,paulpogba,38784841,https://socialblade.com/instagram/user/paulpogba
Gucci,gucci,38782851,https://socialblade.com/instagram/user/gucci
CHANEL,chanelofficial,38354573,https://socialblade.com/instagram/user/chanelofficial
Lele Pons,lelepons,38270123,https://socialblade.com/instagram/user/lelepons
FUTURE NOSTALGIA 2020,dualipa,37872657,https://socialblade.com/instagram/user/dualipa
ZARA Official,zara,37636250,https://socialblade.com/instagram/user/zara
snoopdogg,snoopdogg,37592935,https://socialblade.com/instagram/user/snoopdogg
Kylian Mbappé,k.mbappe,37445073,https://socialblade.com/instagram/user/k.mbappe
Whindersson Nunes,whinderssonnunes,37307034,https://socialblade.com/instagram/user/whinderssonnunes
5-Minute Crafts,5.min.crafts,37214091,https://socialblade.com/instagram/user/5.min.crafts
Ayu Tingting,ayutingting92,36915098,https://socialblade.com/instagram/user/ayutingting92
Luis Suarez,luissuarez9,36890816,https://socialblade.com/instagram/user/luissuarez9
vanessahudgens,vanessahudgens,36834729,https://socialblade.com/instagram/user/vanessahudgens
Sergio Ramos,sergioramos,36651385,https://socialblade.com/instagram/user/sergioramos
Louis Vuitton Official,louisvuitton,36432386,https://socialblade.com/instagram/user/louisvuitton
Raffiahmad Nagitaslavina1717,raffinagita1717,36261557,https://socialblade.com/instagram/user/raffinagita1717
Daddy Yankee,daddyyankee,36256021,https://socialblade.com/instagram/user/daddyyankee
adidas Originals,adidasoriginals,36100849,https://socialblade.com/instagram/user/adidasoriginals
National Geographic Travel,natgeotravel,36043885,https://socialblade.com/instagram/user/natgeotravel
Jacqueline Fernandez,jacquelinef143,35848300,https://socialblade.com/instagram/user/jacquelinef143
Tasty,buzzfeedtasty,35618858,https://socialblade.com/instagram/user/buzzfeedtasty
Juventus Football Club,juventus,35510424,https://socialblade.com/instagram/user/juventus
Paulo Dybala,paulodybala,35424343,https://socialblade.com/instagram/user/paulodybala
NICKY JAM,nickyjampr,35385394,https://socialblade.com/instagram/user/nickyjampr
Mohamed Salah,mosalah,35371300,https://socialblade.com/instagram/user/mosalah
J Balvin,jbalvin,35310678,https://socialblade.com/instagram/user/jbalvin
Marina Ruy Barbosa,marinaruybarbosa,35284606,https://socialblade.com/instagram/user/marinaruybarbosa
Akshay Kumar,akshaykumar,35198891,https://socialblade.com/instagram/user/akshaykumar
Bruna Marquezine ♡,brunamarquezine,34477479,https://socialblade.com/instagram/user/brunamarquezine
H&M,hm,34467894,https://socialblade.com/instagram/user/hm
Premier League,premierleague,34243166,https://socialblade.com/instagram/user/premierleague
DOVE,dovecameron,33483488,https://socialblade.com/instagram/user/dovecameron
Conor McGregor Official,thenotoriousmma,33318999,https://socialblade.com/instagram/user/thenotoriousmma
Manchester United,manchesterunited,33224728,https://socialblade.com/instagram/user/manchesterunited
Prilly Latuconsina,prillylatuconsina96,32593843,https://socialblade.com/instagram/user/prillylatuconsina96
Karim Benzema,karimbenzema,31868590,https://socialblade.com/instagram/user/karimbenzema
adidas Football (Soccer),adidasfootball,31729069,https://socialblade.com/instagram/user/adidasfootball
Syahrini,princessyahrini,31506678,https://socialblade.com/instagram/user/princessyahrini
Zayn Malik,zayn,31441846,https://socialblade.com/instagram/user/zayn
milliebobbybrown,milliebobbybrown,31373725,https://socialblade.com/instagram/user/milliebobbybrown
Neha Kakkar,nehakakkar,30976650,https://socialblade.com/instagram/user/nehakakkar
Cole Sprouse,colesprouse,30181086,https://socialblade.com/instagram/user/colesprouse
Veveta,ivetesangalo,30172808,https://socialblade.com/instagram/user/ivetesangalo
Sunny Leone,sunnyleone,30016931,https://socialblade.com/instagram/user/sunnyleone
Dan Bilzerian,danbilzerian,29621810,https://socialblade.com/instagram/user/danbilzerian
Antoine Griezmann,antogriezmann,29528487,https://socialblade.com/instagram/user/antogriezmann
Wiz Khalifa,wizkhalifa,29335425,https://socialblade.com/instagram/user/wizkhalifa
Dior Official,dior,29322503,https://socialblade.com/instagram/user/dior
marshmello,marshmellomusic,28857210,https://socialblade.com/instagram/user/marshmellomusic
Ranveer Singh,ranveersingh,28843827,https://socialblade.com/instagram/user/ranveersingh
disha patani (paatni),dishapatani,28716383,https://socialblade.com/instagram/user/dishapatani
+A,maisa,28685347,https://socialblade.com/instagram/user/maisa
Laudya Cynthia Bella,laudyacynthiabella,28664490,https://socialblade.com/instagram/user/laudyacynthiabella
Victoria Beckham,victoriabeckham,27642651,https://socialblade.com/instagram/user/victoriabeckham
Wesley Safadão,wesleysafadao,27580886,https://socialblade.com/instagram/user/wesleysafadao
Joko Widodo,jokowi,27514358,https://socialblade.com/instagram/user/jokowi
Larissa Manoela,larissamanoela,27395995,https://socialblade.com/instagram/user/larissamanoela
chrissy teigen,chrissyteigen,27336621,https://socialblade.com/instagram/user/chrissyteigen
Marshall Mathers,eminem,26907199,https://socialblade.com/instagram/user/eminem
Shay Mitchell,shaymitchell,26867137,https://socialblade.com/instagram/user/shaymitchell
Paris Saint-Germain,psg,26740002,https://socialblade.com/instagram/user/psg
Amanda Cerny,amandacerny,26356653,https://socialblade.com/instagram/user/amandacerny
Luan Santana,luansantana,25941218,https://socialblade.com/instagram/user/luansantana
Vogue,voguemagazine,25785880,https://socialblade.com/instagram/user/voguemagazine
marilia mendonça,mariliamendoncacantora,25580795,https://socialblade.com/instagram/user/mariliamendoncacantora
gusttavolima,gusttavolima,25500740,https://socialblade.com/instagram/user/gusttavolima
KAROL G,karolg,25380664,https://socialblade.com/instagram/user/karolg
Marvel Studios,marvelstudios,25370257,https://socialblade.com/instagram/user/marvelstudios
adidas,adidas,25237429,https://socialblade.com/instagram/user/adidas
50 Cent,50cent,25173402,https://socialblade.com/instagram/user/50cent
Emily Ratajkowski,emrata,25111371,https://socialblade.com/instagram/user/emrata
BMW,bmw,25101504,https://socialblade.com/instagram/user/bmw
Gisella Anastasia,gisel_la,25081058,https://socialblade.com/instagram/user/gisel_la
433,433,25065700,https://socialblade.com/instagram/user/433
LaLiga,laliga,25028158,https://socialblade.com/instagram/user/laliga
Mercedes-Benz,mercedesbenz,25025445,https://socialblade.com/instagram/user/mercedesbenz
Nusr_et#Saltbae,nusr_et,24978959,https://socialblade.com/instagram/user/nusr_et
Lamborghini,lamborghini,24673433,https://socialblade.com/instagram/user/lamborghini
Sabrina Sato,sabrinasato,24645878,https://socialblade.com/instagram/user/sabrinasato
Kevinho,kevinho,24525928,https://socialblade.com/instagram/user/kevinho
Luna Maya,lunamaya,24507312,https://socialblade.com/instagram/user/lunamaya
Nancy Ajram,nancyajram,24472385,https://socialblade.com/instagram/user/nancyajram
Ciara,ciara,24238316,https://socialblade.com/instagram/user/ciara
Sonam K Ahuja,sonamkapoor,24232357,https://socialblade.com/instagram/user/sonamkapoor
Hailey Baldwin Bieber,haileybieber,24186506,https://socialblade.com/instagram/user/haileybieber
Paolla Oliveira,paollaoliveirareal,23702798,https://socialblade.com/instagram/user/paollaoliveirareal
Sommer Ray,sommerray,23690856,https://socialblade.com/instagram/user/sommerray
Eliana Michaelichen,eliana,23659196,https://socialblade.com/instagram/user/eliana
Becky G,iambeckyg,23549090,https://socialblade.com/instagram/user/iambeckyg
Juanpa Zurita,eljuanpazurita,23479671,https://socialblade.com/instagram/user/eljuanpazurita
M·A·C Cosmetics,maccosmetics,23415559,https://socialblade.com/instagram/user/maccosmetics
Scott Disick,letthelordbewithyou,23304251,https://socialblade.com/instagram/user/letthelordbewithyou
Dolce & Gabbana,dolcegabbana,23284008,https://socialblade.com/instagram/user/dolcegabbana
Juliana Paes Actress Brazil,julianapaes,23257707,https://socialblade.com/instagram/user/julianapaes
YouTube,youtube,23172268,https://socialblade.com/instagram/user/youtube
simoneses,simoneses,23157248,https://socialblade.com/instagram/user/simoneses
Jennifer Aniston,jenniferaniston,23127347,https://socialblade.com/instagram/user/jenniferaniston
Floyd Mayweather,floydmayweather,22943031,https://socialblade.com/instagram/user/floydmayweather
Natasha Wilona,natashawilona12,22888506,https://socialblade.com/instagram/user/natashawilona12
Kylie Cosmetics,kyliecosmetics,22860108,https://socialblade.com/instagram/user/kyliecosmetics
Niall Horan,niallhoran,22712363,https://socialblade.com/instagram/user/niallhoran
Liverpool Football Club,liverpoolfc,22686088,https://socialblade.com/instagram/user/liverpoolfc
Disney,disney,22484214,https://socialblade.com/instagram/user/disney
raisa6690,raisa6690,22376119,https://socialblade.com/instagram/user/raisa6690
Prada,prada,22344242,https://socialblade.com/instagram/user/prada
Zach King,zachking,22308993,https://socialblade.com/instagram/user/zachking
WorldStar Hip Hop / WSHH,worldstar,22234378,https://socialblade.com/instagram/user/worldstar
BELLA,bellathorne,22171113,https://socialblade.com/instagram/user/bellathorne
Fortnite,fortnite,22143349,https://socialblade.com/instagram/user/fortnite
URVASHI RAUTELA,urvashirautela,22011748,https://socialblade.com/instagram/user/urvashirautela
PlayStation,playstation,21892983,https://socialblade.com/instagram/user/playstation
Philippe Coutinho,phil.coutinho,21771731,https://socialblade.com/instagram/user/phil.coutinho
camila mendes,camimendes,21656431,https://socialblade.com/instagram/user/camimendes
Lili Reinhart,lilireinhart,21636255,https://socialblade.com/instagram/user/lilireinhart
Mesut Özil,m10_official,21633492,https://socialblade.com/instagram/user/m10_official
TikTok,tiktok,21527666,https://socialblade.com/instagram/user/tiktok
Cameron Alexander Dallas,camerondallas,21365027,https://socialblade.com/instagram/user/camerondallas
apple,apple,21266542,https://socialblade.com/instagram/user/apple
Chelsea Olivia Wijaya,chelseaoliviaa,21204425,https://socialblade.com/instagram/user/chelseaoliviaa
NATTI NATASHA,nattinatasha,21055393,https://socialblade.com/instagram/user/nattinatasha
F e r n a n d a   S o u z a,fernandasouzaoficial,20939092,https://socialblade.com/instagram/user/fernandasouzaoficial
Via Vallen,viavallen,20935714,https://socialblade.com/instagram/user/viavallen
Reese Witherspoon,reesewitherspoon,20895184,https://socialblade.com/instagram/user/reesewitherspoon
Versace,versace,20879259,https://socialblade.com/instagram/user/versace
BAD | BUNNY,badbunnypr,20770737,https://socialblade.com/instagram/user/badbunnypr
Ashanty,ashanty_ash,20714555,https://socialblade.com/instagram/user/ashanty_ash
Jessica Iskandar,inijedar,20618336,https://socialblade.com/instagram/user/inijedar
Ashley Benson,ashleybenson,20527291,https://socialblade.com/instagram/user/ashleybenson
Giovanna Ewbank,gio_ewbank,20494779,https://socialblade.com/instagram/user/gio_ewbank
Anastasia Beverly Hills,anastasiabeverlyhills,20295196,https://socialblade.com/instagram/user/anastasiabeverlyhills
CALVIN KLEIN,calvinklein,20232295,https://socialblade.com/instagram/user/calvinklein
Chelsea FC,chelseafc,20225403,https://socialblade.com/instagram/user/chelseafc
AGNEZ MO,agnezmo,20203012,https://socialblade.com/instagram/user/agnezmo
EA SPORTS FIFA,easportsfifa,20117047,https://socialblade.com/instagram/user/easportsfifa
Sebastian Yatra,sebastianyatra,20074741,https://socialblade.com/instagram/user/sebastianyatra
WWE,wwe,19912547,https://socialblade.com/instagram/user/wwe
“REAL HASTA LA MUERTE”,anuel_2blea,19872331,https://socialblade.com/instagram/user/anuel_2blea
Claudia Leitte,claudialeitte,19816957,https://socialblade.com/instagram/user/claudialeitte
Sabrina Carpenter,sabrinacarpenter,19806766,https://socialblade.com/instagram/user/sabrinacarpenter
Ludmilla,ludmilla,19709843,https://socialblade.com/instagram/user/ludmilla
Netflix US,netflix,19667885,https://socialblade.com/instagram/user/netflix
EXO_CY,real__pcy,19648568,https://socialblade.com/instagram/user/real__pcy
FC Bayern München,fcbayern,19639232,https://socialblade.com/instagram/user/fcbayern
Porsche,porsche,19488923,https://socialblade.com/instagram/user/porsche
SUPER MEGA  BINTANG,ivan_gunawan,19430875,https://socialblade.com/instagram/user/ivan_gunawan
Amber Rose,amberrose,19324493,https://socialblade.com/instagram/user/amberrose
Sephora,sephora,19309481,https://socialblade.com/instagram/user/sephora
Jordan,jumpman23,19282686,https://socialblade.com/instagram/user/jumpman23
Arnold Schwarzenegger,schwarzenegger,19234611,https://socialblade.com/instagram/user/schwarzenegger
StreetArtGlobe ™,streetartglobe,19109895,https://socialblade.com/instagram/user/streetartglobe
Sachin Tendulkar,sachintendulkar,19067819,https://socialblade.com/instagram/user/sachintendulkar
Nina Dobrev,nina,18977254,https://socialblade.com/instagram/user/nina
Andrew Bachelor,kingbach,18965629,https://socialblade.com/instagram/user/kingbach
Caio Castro,caiocastro,18915788,https://socialblade.com/instagram/user/caiocastro
Positive & Motivational Quotes,thegoodquote,18857696,https://socialblade.com/instagram/user/thegoodquote
rodrigofaro,rodrigofaro,18773884,https://socialblade.com/instagram/user/rodrigofaro
Meek Mill,meekmill,18762157,https://socialblade.com/instagram/user/meekmill
isis valverde,isisvalverde,18673579,https://socialblade.com/instagram/user/isisvalverde
Rina Nose,rinanose16,18642781,https://socialblade.com/instagram/user/rinanose16
Grazi Massafera,massafera,18595125,https://socialblade.com/instagram/user/massafera
Mia K.,miakhalifa,18592332,https://socialblade.com/instagram/user/miakhalifa
Simaria Mendes,simaria,18514312,https://socialblade.com/instagram/user/simaria
Starbucks Coffee ☕,starbucks,18470134,https://socialblade.com/instagram/user/starbucks
Liam Payne,liampayne,18465537,https://socialblade.com/instagram/user/liampayne
Sonakshi Sinha,aslisona,18364825,https://socialblade.com/instagram/user/aslisona
Isco Alarcon Suarez,iscoalarcon,18340891,https://socialblade.com/instagram/user/iscoalarcon
loren gray,loren,18278719,https://socialblade.com/instagram/user/loren
Lily Collins,lilyjcollins,18272043,https://socialblade.com/instagram/user/lilyjcollins
Victoria Justice,victoriajustice,18229090,https://socialblade.com/instagram/user/victoriajustice
Chiara Ferragni,chiaraferragni,18130523,https://socialblade.com/instagram/user/chiaraferragni
vans,vans,18042984,https://socialblade.com/instagram/user/vans
Liza Koshy,lizakoshy,17994535,https://socialblade.com/instagram/user/lizakoshy
Madelaine Petsch,madelame,17871801,https://socialblade.com/instagram/user/madelame
Sofia Vergara,sofiavergara,17866203,https://socialblade.com/instagram/user/sofiavergara
Gerard Piqué,3gerardpique,17846485,https://socialblade.com/instagram/user/3gerardpique
DJ KHALED,djkhaled,17708603,https://socialblade.com/instagram/user/djkhaled
Ferrari,ferrari,17652577,https://socialblade.com/instagram/user/ferrari
Brittanya Razavi,brittanya187,17641724,https://socialblade.com/instagram/user/brittanya187
Alicia Keys,aliciakeys,17635937,https://socialblade.com/instagram/user/aliciakeys
ufc,ufc,17591196,https://socialblade.com/instagram/user/ufc
Hannah Stocking,hannahstocking,17458054,https://socialblade.com/instagram/user/hannahstocking
Romeo Santos,romeosantos,17411775,https://socialblade.com/instagram/user/romeosantos
RICIS,riaricis1795,17371370,https://socialblade.com/instagram/user/riaricis1795
Channing Tatum,channingtatum,17325419,https://socialblade.com/instagram/user/channingtatum
The Shade Room,theshaderoom,17277724,https://socialblade.com/instagram/user/theshaderoom
pefabiodemelo,pefabiodemelo,17253776,https://socialblade.com/instagram/user/pefabiodemelo
Bhaddest Of The Bhabies,bhadbhabie,17231554,https://socialblade.com/instagram/user/bhadbhabie
Martin Garrix,martingarrix,17229761,https://socialblade.com/instagram/user/martingarrix
Sarwendah29,sarwendah29,17220720,https://socialblade.com/instagram/user/sarwendah29
Brent Rivera,brentrivera,17198181,https://socialblade.com/instagram/user/brentrivera
OZUNA,ozuna,17072927,https://socialblade.com/instagram/user/ozuna
Jessica Alba,jessicaalba,17025192,https://socialblade.com/instagram/user/jessicaalba
Mark Ruffalo,markruffalo,17015057,https://socialblade.com/instagram/user/markruffalo
Logan Paul,loganpaul,17007324,https://socialblade.com/instagram/user/loganpaul
Lucas Lucco,lucaslucco,16927512,https://socialblade.com/instagram/user/lucaslucco
Luis El Crack,luisitocomunica,16905811,https://socialblade.com/instagram/user/luisitocomunica
shreyaghoshal,shreyaghoshal,16899713,https://socialblade.com/instagram/user/shreyaghoshal
Manchester City,mancity,16882003,https://socialblade.com/instagram/user/mancity
Blac Chyna,blacchyna,16703287,https://socialblade.com/instagram/user/blacchyna
GoPro,gopro,16661309,https://socialblade.com/instagram/user/gopro
Bruno Gagliasso,brunogagliasso,16646155,https://socialblade.com/instagram/user/brunogagliasso
Arsenal Official,arsenal,16636221,https://socialblade.com/instagram/user/arsenal
Jimmy Fallon,jimmyfallon,16584852,https://socialblade.com/instagram/user/jimmyfallon
CARLINHOS MAIA,carlinhosmaiaof,16566744,https://socialblade.com/instagram/user/carlinhosmaiaof
Deborah Secco,dedesecco,16553897,https://socialblade.com/instagram/user/dedesecco
Burberry,burberry,16544965,https://socialblade.com/instagram/user/burberry
Thiago Silva,thiagosilva,16526396,https://socialblade.com/instagram/user/thiagosilva
Kaká,kaka,16474380,https://socialblade.com/instagram/user/kaka
Sandra Dewi,sandradewi88,16462804,https://socialblade.com/instagram/user/sandradewi88
FIFA World Cup,fifaworldcup,16441174,https://socialblade.com/instagram/user/fifaworldcup
earthpix,earthpix,16394324,https://socialblade.com/instagram/user/earthpix
PeytonList,peytonlist,16370820,https://socialblade.com/instagram/user/peytonlist
Robert Lewandowski,_rl9,16320806,https://socialblade.com/instagram/user/_rl9
Chloe Grace Moretz,chloegmoretz,16294463,https://socialblade.com/instagram/user/chloegmoretz
Armani,armani,16263307,https://socialblade.com/instagram/user/armani
forever21,forever21,16260761,https://socialblade.com/instagram/user/forever21
NFL,nfl,16234718,https://socialblade.com/instagram/user/nfl
Flavia Pavanelli,flaviapavanelli,16231582,https://socialblade.com/instagram/user/flaviapavanelli
Videos / Funny / Memes,epicfunnypage,16148767,https://socialblade.com/instagram/user/epicfunnypage
Jackson Wang 王嘉爾 왕잭슨,jacksonwang852g7,16127272,https://socialblade.com/instagram/user/jacksonwang852g7
Anna Kendrick,annakendrick47,16072996,https://socialblade.com/instagram/user/annakendrick47
Rockstar Games,rockstargames,16006603,https://socialblade.com/instagram/user/rockstargames
James Charles,jamescharles,15969547,https://socialblade.com/instagram/user/jamescharles
Michael Kors,michaelkors,15928530,https://socialblade.com/instagram/user/michaelkors
Luísa Gerloff Sonza,luisasonza,15916546,https://socialblade.com/instagram/user/luisasonza
farrukoofficial,farrukoofficial,15857025,https://socialblade.com/instagram/user/farrukoofficial
RITA ORA,ritaora,15797323,https://socialblade.com/instagram/user/ritaora
Iker Casillas,ikercasillas,15796622,https://socialblade.com/instagram/user/ikercasillas
Diddy,diddy,15672009,https://socialblade.com/instagram/user/diddy
Netflix Brasil,netflixbrasil,15643616,https://socialblade.com/instagram/user/netflixbrasil
Gisele Bündchen,gisele,15640771,https://socialblade.com/instagram/user/gisele
iansomerhalder,iansomerhalder,15619773,https://socialblade.com/instagram/user/iansomerhalder
Kimberly Loaiza,kimberly.loaiza,15591374,https://socialblade.com/instagram/user/kimberly.loaiza
Alok,alok,15549698,https://socialblade.com/instagram/user/alok
Lana Del Rey,lanadelrey,15538109,https://socialblade.com/instagram/user/lanadelrey
Georgina Rodríguez,georginagio,15523933,https://socialblade.com/instagram/user/georginagio
Sofia Carson,sofiacarson,15479785,https://socialblade.com/instagram/user/sofiacarson
Ronaldo,ronaldo,15479176,https://socialblade.com/instagram/user/ronaldo
Audi,audi,15456946,https://socialblade.com/instagram/user/audi
Ice Cube,icecube,15446306,https://socialblade.com/instagram/user/icecube
Tamer Hosny,tamerhosny,15444152,https://socialblade.com/instagram/user/tamerhosny
Zaskia Adya Mecca,zaskiadyamecca,15438213,https://socialblade.com/instagram/user/zaskiadyamecca
Sophie Turner,sophiet,15435622,https://socialblade.com/instagram/user/sophiet
OFFSET,offsetyrn,15412463,https://socialblade.com/instagram/user/offsetyrn
House of Highlights,houseofhighlights,15410510,https://socialblade.com/instagram/user/houseofhighlights
yuyacst,yuyacst,15379773,https://socialblade.com/instagram/user/yuyacst
dwyanewade,dwyanewade,15290507,https://socialblade.com/instagram/user/dwyanewade
Lisa and Lena | Germany®,lisaandlena,15215099,https://socialblade.com/instagram/user/lisaandlena
Thalia,thalia,15210165,https://socialblade.com/instagram/user/thalia
SportsCenter,sportscenter,15210026,https://socialblade.com/instagram/user/sportscenter
Debby Ryan,debbyryan,15152096,https://socialblade.com/instagram/user/debbyryan
Jessica Mila Agnesia,jscmila,15123638,https://socialblade.com/instagram/user/jscmila
taraji p henson,tarajiphenson,15122919,https://socialblade.com/instagram/user/tarajiphenson
QuavoHuncho,quavohuncho,15067718,https://socialblade.com/instagram/user/quavohuncho
Everson Silva,tirullipa,15042103,https://socialblade.com/instagram/user/tirullipa
Danna Paola,dannapaola,14988675,https://socialblade.com/instagram/user/dannapaola
Nia Ramadhani Bakrie,ramadhaniabakrie,14975897,https://socialblade.com/instagram/user/ramadhaniabakrie
Gabrielle Union-Wade,gabunion,14955587,https://socialblade.com/instagram/user/gabunion
Noah Schnapp,noahschnapp,14879032,https://socialblade.com/instagram/user/noahschnapp
Ruby Rose,rubyrose,14810663,https://socialblade.com/instagram/user/rubyrose
Jair M. Bolsonaro,jairmessiasbolsonaro,14779692,https://socialblade.com/instagram/user/jairmessiasbolsonaro
BAD MI,mcmirella,14764688,https://socialblade.com/instagram/user/mcmirella
Enrique Iglesias,enriqueiglesias,14744483,https://socialblade.com/instagram/user/enriqueiglesias
Wayne Rooney,waynerooney,14740156,https://socialblade.com/instagram/user/waynerooney
ESPN,espn,14690654,https://socialblade.com/instagram/user/espn
Raditya Dika,raditya_dika,14630876,https://socialblade.com/instagram/user/raditya_dika
Maia Estianty (M.E) The Queen,maiaestiantyreal,14624102,https://socialblade.com/instagram/user/maiaestiantyreal
Davido Adeleke,davidoofficial,14594361,https://socialblade.com/instagram/user/davidoofficial
Juliana Salimeni,jujusalimeni,14590412,https://socialblade.com/instagram/user/jujusalimeni
Fendi,fendi,14520120,https://socialblade.com/instagram/user/fendi
elliegoulding,elliegoulding,14501059,https://socialblade.com/instagram/user/elliegoulding
Taapsee Pannu,taapsee,14490023,https://socialblade.com/instagram/user/taapsee
Jaden Smith,c.syresmith,14487613,https://socialblade.com/instagram/user/c.syresmith
Jason Momoa,prideofgypsies,14454284,https://socialblade.com/instagram/user/prideofgypsies
Jeremy Renner,renner4real,14445150,https://socialblade.com/instagram/user/renner4real
Dmitriy Shelengovskiy,shelengovskiy,14439102,https://socialblade.com/instagram/user/shelengovskiy
NYX Professional Makeup,nyxcosmetics,14423064,https://socialblade.com/instagram/user/nyxcosmetics
Black Star,timatiofficial,14402888,https://socialblade.com/instagram/user/timatiofficial
Future Hendrix,future,14383184,https://socialblade.com/instagram/user/future
alexandra daddario,alexandradaddario,14328504,https://socialblade.com/instagram/user/alexandradaddario
Sam Smith,samsmith,14305912,https://socialblade.com/instagram/user/samsmith
Gading Marten,gadiiing,14296911,https://socialblade.com/instagram/user/gadiiing
Shilpa Shetty Kundra,theshilpashetty,14293910,https://socialblade.com/instagram/user/theshilpashetty
6ix9ine,6ix9ine,14251181,https://socialblade.com/instagram/user/6ix9ine
ollaramlan,ollaramlanaufar,14196323,https://socialblade.com/instagram/user/ollaramlanaufar
CARMEN VILLALOBOS,cvillaloboss,14189714,https://socialblade.com/instagram/user/cvillaloboss
Madison Beer,madisonbeer,14179194,https://socialblade.com/instagram/user/madisonbeer
Hilary Duff,hilaryduff,14172707,https://socialblade.com/instagram/user/hilaryduff
E! News,enews,14158218,https://socialblade.com/instagram/user/enews
Liam Hemsworth,liamhemsworth,14142703,https://socialblade.com/instagram/user/liamhemsworth
GIVENCHY,givenchyofficial,14120893,https://socialblade.com/instagram/user/givenchyofficial
Gabriel Jesus,dejesusoficial,14082679,https://socialblade.com/instagram/user/dejesusoficial
Stranger Things,strangerthingstv,14077921,https://socialblade.com/instagram/user/strangerthingstv
Louis Tomlinson,louist91,14068910,https://socialblade.com/instagram/user/louist91
:Dagelan - Asikin aja lagiii,dagelan,14051014,https://socialblade.com/instagram/user/dagelan
Hugo Gloss,hugogloss,14049438,https://socialblade.com/instagram/user/hugogloss
Odell Beckham Jr,obj,14017380,https://socialblade.com/instagram/user/obj
Candice Swanepoel,angelcandices,13975652,https://socialblade.com/instagram/user/angelcandices
Bretman (Da Baddest) Rock,bretmanrock,13956836,https://socialblade.com/instagram/user/bretmanrock
LOVE FOOD FASHION VIDEOS DIY,tutorials.gallery,13861748,https://socialblade.com/instagram/user/tutorials.gallery
Júlio Cocielo Estaniecki,cocielo,13816433,https://socialblade.com/instagram/user/cocielo
DR. SHAQUILLE O'NEAL Ed.D.,shaq,13797966,https://socialblade.com/instagram/user/shaq
Simone e Simaria,simoneesimaria,13734719,https://socialblade.com/instagram/user/simoneesimaria
Supreme,supremenewyork,13714881,https://socialblade.com/instagram/user/supremenewyork
Павел Воля | Pavel Volya,pavelvolyaofficial,13681375,https://socialblade.com/instagram/user/pavelvolyaofficial
Alexis Ren,alexisren,13670822,https://socialblade.com/instagram/user/alexisren
Daquan,daquan,13634844,https://socialblade.com/instagram/user/daquan
Mari Maria,marimaria,13628760,https://socialblade.com/instagram/user/marimaria
kenzie ♡,kenzie,13602341,https://socialblade.com/instagram/user/kenzie
Khoirunissa,nissa_sabyan,13569971,https://socialblade.com/instagram/user/nissa_sabyan
KARTIK AARYAN,kartikaaryan,13568040,https://socialblade.com/instagram/user/kartikaaryan
Tommy Hilfiger,tommyhilfiger,13565515,https://socialblade.com/instagram/user/tommyhilfiger
Michelle Lewin,michelle_lewin,13559798,https://socialblade.com/instagram/user/michelle_lewin
maddieziegler,maddieziegler,13550525,https://socialblade.com/instagram/user/maddieziegler
FunnyHoodVidz,funnyhoodvidz,13538151,https://socialblade.com/instagram/user/funnyhoodvidz
Raphaël Varane,raphaelvarane,13537465,https://socialblade.com/instagram/user/raphaelvarane
Valentino,maisonvalentino,13525395,https://socialblade.com/instagram/user/maisonvalentino
Golden State Warriors,warriors,13513721,https://socialblade.com/instagram/user/warriors
Ricky,ricky_martin,13467255,https://socialblade.com/instagram/user/ricky_martin
Iggy Azalea,thenewclassic,13388944,https://socialblade.com/instagram/user/thenewclassic
Burak Özdemir,cznburak,13351045,https://socialblade.com/instagram/user/cznburak
Viih Tube,viihtube,13334667,https://socialblade.com/instagram/user/viihtube
Too Faced Cosmetics,toofaced,13323299,https://socialblade.com/instagram/user/toofaced
Aurelie Hermansyah,aurelie.hermansyah,13291207,https://socialblade.com/instagram/user/aurelie.hermansyah
Gaten Matarazzo,gatenm123,13256611,https://socialblade.com/instagram/user/gatenm123
Salma Hayek Pinault,salmahayek,13234054,https://socialblade.com/instagram/user/salmahayek
Christian Louboutin,louboutinworld,13174907,https://socialblade.com/instagram/user/louboutinworld
"Nicole ""Snooki"" Polizzi",snooki,13103868,https://socialblade.com/instagram/user/snooki
BEAUTIFUL DESTINATIONS,beautifuldestinations,13081907,https://socialblade.com/instagram/user/beautifuldestinations
Kéfera Buchmann,kefera,13064821,https://socialblade.com/instagram/user/kefera
Léo Santana,leosantana,13018948,https://socialblade.com/instagram/user/leosantana
alghazaliköhler,alghazali7,13002221,https://socialblade.com/instagram/user/alghazali7
SPORF,sporf,12944298,https://socialblade.com/instagram/user/sporf
Eugenio Derbez,ederbez,12934265,https://socialblade.com/instagram/user/ederbez
NikkieTutorials,nikkietutorials,12924522,https://socialblade.com/instagram/user/nikkietutorials
Falcao,falcao,12909027,https://socialblade.com/instagram/user/falcao
BADABUN,badabun,12869795,https://socialblade.com/instagram/user/badabun
Jen Selter,jenselter,12837560,https://socialblade.com/instagram/user/jenselter
Jannat Zubair Rahmani,jannatzubair29,12826089,https://socialblade.com/instagram/user/jannatzubair29
Jake Paul,jakepaul,12815174,https://socialblade.com/instagram/user/jakepaul
kristen bell,kristenanniebell,12785016,https://socialblade.com/instagram/user/kristenanniebell
shrutzhaasan,shrutzhaasan,12772749,https://socialblade.com/instagram/user/shrutzhaasan
rondarousey,rondarousey,12768331,https://socialblade.com/instagram/user/rondarousey
ГУСЕЙН ГАСАНОВ,gusein.gasanov,12762490,https://socialblade.com/instagram/user/gusein.gasanov
Red Bull,redbull,12752168,https://socialblade.com/instagram/user/redbull
Телеканал ТНТ,tnt_online,12738184,https://socialblade.com/instagram/user/tnt_online
TᕼᗩIᔕ ᖴEᖇᔕOᘔᗩ,tatafersoza,12704156,https://socialblade.com/instagram/user/tatafersoza
John Cena,johncena,12682549,https://socialblade.com/instagram/user/johncena
Daniella Chávez,daniellachavezofficial,12672168,https://socialblade.com/instagram/user/daniellachavezofficial
hailee steinfeld,haileesteinfeld,12614550,https://socialblade.com/instagram/user/haileesteinfeld
Giovanna Antonelli,giovannaantonelli,12610042,https://socialblade.com/instagram/user/giovannaantonelli
Yanet Garcia,iamyanetgarcia,12578513,https://socialblade.com/instagram/user/iamyanetgarcia
GypsyVikingWitch,cleo,12569240,https://socialblade.com/instagram/user/cleo
Drew Barrymore,drewbarrymore,12525722,https://socialblade.com/instagram/user/drewbarrymore
ussy sulistiawaty (U.S),ussypratama,12523962,https://socialblade.com/instagram/user/ussypratama
AnaCherí,anacheri,12519244,https://socialblade.com/instagram/user/anacheri
Little Mix,littlemix,12486745,https://socialblade.com/instagram/user/littlemix
Star Wars,starwars,12475845,https://socialblade.com/instagram/user/starwars
Adriana Lima,adrianalima,12473840,https://socialblade.com/instagram/user/adrianalima
Walt Disney Studios,disneystudios,12439909,https://socialblade.com/instagram/user/disneystudios
PRETTY FLACKO,asaprocky,12432826,https://socialblade.com/instagram/user/asaprocky
Luisa Fernanda W,luisafernandaw,12389221,https://socialblade.com/instagram/user/luisafernandaw
Jordi Alba,jordialbaoficial,12384120,https://socialblade.com/instagram/user/jordialbaoficial
Rafael Vitti,rafaavitti,12383453,https://socialblade.com/instagram/user/rafaavitti
Mustafa Hosny مصطفى حسني,mustafahosnyofficial,12354534,https://socialblade.com/instagram/user/mustafahosnyofficial
Adam Levine,adamlevine,12353447,https://socialblade.com/instagram/user/adamlevine
Pevita Pearce,pevpearce,12343884,https://socialblade.com/instagram/user/pevpearce
Prince Royce,princeroyce,12342990,https://socialblade.com/instagram/user/princeroyce
French Montana,frenchmontana,12257140,https://socialblade.com/instagram/user/frenchmontana
JD PANTOJA,juandediospantoja,12254387,https://socialblade.com/instagram/user/juandediospantoja
João Guilherme,joaoguilherme,12242042,https://socialblade.com/instagram/user/joaoguilherme
Soimah Pancawati,showimah,12220247,https://socialblade.com/instagram/user/showimah
Miranda,mirandakerr,12200821,https://socialblade.com/instagram/user/mirandakerr
Gianluca Vacchi,gianlucavacchi,12159791,https://socialblade.com/instagram/user/gianlucavacchi
Roberto Firmino,roberto_firmino,12141713,https://socialblade.com/instagram/user/roberto_firmino
Bunga Citra Lestari,bclsinclair,12121223,https://socialblade.com/instagram/user/bclsinclair
Marcos Mion,marcosmion,12079660,https://socialblade.com/instagram/user/marcosmion
Arturo Vidal,kingarturo23oficial,12062901,https://socialblade.com/instagram/user/kingarturo23oficial
KAYLA ITSINES,kayla_itsines,12030239,https://socialblade.com/instagram/user/kayla_itsines
Antonela Roccuzzo,antonelaroccuzzo,12025459,https://socialblade.com/instagram/user/antonelaroccuzzo
Amanda Lee,amandaeliselee,12014736,https://socialblade.com/instagram/user/amandaeliselee
Team India,indiancricketteam,12008706,https://socialblade.com/instagram/user/indiancricketteam
Mercedes-AMG,mercedesamg,11996666,https://socialblade.com/instagram/user/mercedesamg
Jorge e Mateus,jorgeemateus,11988569,https://socialblade.com/instagram/user/jorgeemateus
Nat Geo Image Collection,natgeoimagecollection,11986065,https://socialblade.com/instagram/user/natgeoimagecollection
Serena Williams,serenawilliams,11961133,https://socialblade.com/instagram/user/serenawilliams
Irish Bella,_irishbella_,11956593,https://socialblade.com/instagram/user/_irishbella_
Stan Lee,therealstanlee,11902179,https://socialblade.com/instagram/user/therealstanlee
Demi Rose,demirosemawby,11899359,https://socialblade.com/instagram/user/demirosemawby
Sebas,sebas,11885611,https://socialblade.com/instagram/user/sebas
PrettyLittleThing,prettylittlething,11846982,https://socialblade.com/instagram/user/prettylittlething
Ashley Tisdale,ashleytisdale,11843425,https://socialblade.com/instagram/user/ashleytisdale
Liza Soberano,lizasoberano,11825483,https://socialblade.com/instagram/user/lizasoberano
Ileana D'Cruz,ileana_official,11789667,https://socialblade.com/instagram/user/ileana_official
Sly Stallone,officialslystallone,11755971,https://socialblade.com/instagram/user/officialslystallone
Daniela Russo,danirussotv,11748316,https://socialblade.com/instagram/user/danirussotv
Kevin Durant,easymoneysniper,11734644,https://socialblade.com/instagram/user/easymoneysniper
Maisie Williams,maisie_williams,11725715,https://socialblade.com/instagram/user/maisie_williams
TIP,troubleman31,11710248,https://socialblade.com/instagram/user/troubleman31
Úrsula Corberó,ursulolita,11707543,https://socialblade.com/instagram/user/ursulolita
Felipe Neto,felipeneto,11697799,https://socialblade.com/instagram/user/felipeneto
Rohit Sharma,rohitsharma45,11686739,https://socialblade.com/instagram/user/rohitsharma45
Avengers: Endgame,avengers,11681769,https://socialblade.com/instagram/user/avengers
paulogustavo31,paulogustavo31,11675788,https://socialblade.com/instagram/user/paulogustavo31
Bleacher Report,bleacherreport,11672353,https://socialblade.com/instagram/user/bleacherreport
BUGATTI,bugatti,11668588,https://socialblade.com/instagram/user/bugatti
"Nacho ""Miguelito"" Mendoza",nacho,11627036,https://socialblade.com/instagram/user/nacho
Ralph Lauren,ralphlauren,11625209,https://socialblade.com/instagram/user/ralphlauren
Joelle Mardinian,joellemardinian,11621919,https://socialblade.com/instagram/user/joellemardinian
John Legend,johnlegend,11620973,https://socialblade.com/instagram/user/johnlegend
Lizbeth Rodriguez,lizbethrodriguezoficial,11603280,https://socialblade.com/instagram/user/lizbethrodriguezoficial
cita citata,cita_citata,11579500,https://socialblade.com/instagram/user/cita_citata
Best Memes,bestmemes,11579167,https://socialblade.com/instagram/user/bestmemes
Riverdale,thecwriverdale,11578987,https://socialblade.com/instagram/user/thecwriverdale
WISIN,wisin,11569312,https://socialblade.com/instagram/user/wisin
Nike Basketball,nikebasketball,11560692,https://socialblade.com/instagram/user/nikebasketball
Divyanka Tripathi Dahiya,divyankatripathidahiya,11517618,https://socialblade.com/instagram/user/divyankatripathidahiya
Paris Hilton,parishilton,11493592,https://socialblade.com/instagram/user/parishilton
MTV,mtv,11483151,https://socialblade.com/instagram/user/mtv
hasan reyvandi حسن ریوندی,hassan_reyvandi,11403036,https://socialblade.com/instagram/user/hassan_reyvandi
Oki Setiana Dewi,okisetianadewi,11397958,https://socialblade.com/instagram/user/okisetianadewi
Google,google,11396079,https://socialblade.com/instagram/user/google
German Garmendia,germangarmendia,11375634,https://socialblade.com/instagram/user/germangarmendia
Ridwan Kamil,ridwankamil,11368312,https://socialblade.com/instagram/user/ridwankamil
model_roz,model_roz,11363966,https://socialblade.com/instagram/user/model_roz
Urban Decay Cosmetics,urbandecaycosmetics,11354785,https://socialblade.com/instagram/user/urbandecaycosmetics
Çağrı Taner,cagritaner,11353448,https://socialblade.com/instagram/user/cagritaner
Atta Halilintar,attahalilintar,11350109,https://socialblade.com/instagram/user/attahalilintar
أحمد الشقيري,ahmadalshugairi,11339868,https://socialblade.com/instagram/user/ahmadalshugairi
aum_patchrapa,aum_patchrapa,11334637,https://socialblade.com/instagram/user/aum_patchrapa
Discovery,discovery,11333360,https://socialblade.com/instagram/user/discovery
Foot Locker,footlocker,11330903,https://socialblade.com/instagram/user/footlocker
Greeicy,greeicy1,11330190,https://socialblade.com/instagram/user/greeicy1
Kartika Putri,kartikaputriworld,11306917,https://socialblade.com/instagram/user/kartikaputriworld
Vera Brezhneva,ververa,11303354,https://socialblade.com/instagram/user/ververa
Tiffany & Co.,tiffanyandco,11280923,https://socialblade.com/instagram/user/tiffanyandco
James Harden,jharden13,11241009,https://socialblade.com/instagram/user/jharden13
Maudy Ayunda,maudyayunda,11235899,https://socialblade.com/instagram/user/maudyayunda
Angelina Jolie,angelinajolieofficial,11231714,https://socialblade.com/instagram/user/angelinajolieofficial
Llandel Veguilla,yandel,11214903,https://socialblade.com/instagram/user/yandel
Егор Крид | #HeartBreakKid,egorkreed,11211233,https://socialblade.com/instagram/user/egorkreed
Salshabilla adriani,salshabillaadr,11202655,https://socialblade.com/instagram/user/salshabillaadr
Juice WRLD 9 9 9,juicewrld999,11186019,https://socialblade.com/instagram/user/juicewrld999
Ahlam Alshamsi,ahlamalshamsi,11180929,https://socialblade.com/instagram/user/ahlamalshamsi
MANGO,mango,11179028,https://socialblade.com/instagram/user/mango
Михаил Галустян,m_galustyan,11177981,https://socialblade.com/instagram/user/m_galustyan
HoodClips,hoodclips,11163846,https://socialblade.com/instagram/user/hoodclips
Jimmy Choo,jimmychoo,11155764,https://socialblade.com/instagram/user/jimmychoo
el rubius WTF,elrubiuswtf,11135601,https://socialblade.com/instagram/user/elrubiuswtf
DAVID DOBRIK,daviddobrik,11104444,https://socialblade.com/instagram/user/daviddobrik